LAX,Moz5RtXMMBx,3QQQQQIqpi,-175.371,36.1427,Qk0Xskotb
LAS,4eg5oundAo,oundB0yCA8,-64.6415,-77.6306,k6oundAqmpdaq
LAS,ZsCl1vUFj9R,UZGjGjW9tBiX,161.8229,4.051,UZgRMN
LAS,KwffPP7J4r,Xrzqq0mohN,146.8966,-80.907,qq.tl1BA9k
LAX,VjOAtezka,FaESj84ZlGLS,21.6366,-0.2637,aUGFvyjhWzGQ
LAX,6sCl1s1VSyj,nXV032TO,-176.0515,-36.2892,q30EOwUXEO
LAX,x4s5Epklqg,YqIBXj4JOpH,-41.7378,-8.0297,JgbvhFB
LAS,cqvF6puX,T9Ufx6CpuX,-41.0332,47.5617,OSCE4HueqP
LAX,VJyrobbSd,fteSnXWWEo,-126.1462,-28.9283,QvFArnIZqo
LAS,UfxGlw7zDX,6B0kUt6m9r,110.1602,-31.1707,ueroEot8AE7
LAX,6TXlru2ipiO,WxkIOiPUmS,168.8971,83.1336,K5fuvdvaj
LAX,ucpCLV0wJ4,O4aIdL2R,101.2938,67.8753,fZrCihtzq
LAX,2uHGr7FEu,bDmQgCDrrt2,-176.2125,24.5532,iSAbqfwLvLk
LAS,ucpCLV4R3,jgJb13CfH,-18.0259,87.8996,gJv6Ly1tvUCU
LAX,v4ehcPDBYr,pxtFuOAteeR,56.7672,-19.5764,fVaiQ8UgAm
LAX,4Ug1RqmYzk,wRqIqrw7k,-75.3902,-28.6829,dXskotbxVE
LAS,UfxGlw4g4L,TJFXENicB,-41.6362,-0.8418,ueroEot1pjr
LAX,qkv4sHhv6mH,6t6aweoFnT,-56.4673,83.6929,d7TwHueqr
LAS,ZaeKXVGuze,PdXMMBxPAH,-145.8427,68.4878,EGcXst1xW3g
LAX,Tp8HGr9dXl0,pF6IxcV59,168.9552,-45.6781,P2RXst1Qwr
LAX,cqMQVx7hOo,pXrkM9fZr,70.9642,74.6781,stSLMrNHw5JH6
LAX,GDTmq5qCw,jJJ76M9rKx,146.3014,-63.8909,9PEE8acBTbr
LAX,Tsu6puX43DS,hIN5Y552B,45.5532,57.7819,Ft5fVGjeljs
LAX,p5DJoCwHsN,JoCwHv6awe,110.0113,-44.9459,PIE4KvlFOyoCO
LAX,5HHhNjsno,PdRMSu11DL,0.0735,-45.7524,IWx2lrKqHg
LAS,CxvhsN2JuY,TlJ6u7Y4Di,-16.6252,48.6183,iWEOTH6tW5BiZ
LAX,VY3TDQkOBk,Jxsc52fN,154.586,72.7183,Zrkaph9W1xW
LAX,p30QhXSj3dy,6l7pCYjfZvp,-24.4132,36.1093,Fter9cT4HSG
LAX,2rRnkaqDdIil,p7bZrkxOm,-158.0799,-76.hulNJhXeu
LAS,0zOKqpi2RU,zpi0zpi0S7H,119.2362,-64.9107,rW7MiKv6Ly1
LAX,0QsLvhnSQ,yLDZM8VOX,176.6122,-24.1444,2RXWUXEOVHc
LAS,nSY46YdL0Ur,Pxe1YdLHi5h,68.0799,-68.5627,bLAs9cqRG5tv
LAX,p1vqxfNvg,y1s2LDYlMb,46.5669,-74.1073,qJ4J4WDQ
LAX,ljOAtezkaq,gRMSuSjeKI,-0.004,-86.7026,OpqsTqXWq
LAX,zvz9r7qgGQK,6lJ7759,112.8971,4rCiSAGRR
LAS,n8Tp1RX5fK,6le4egGTjP,-161.4252,67.6929,oMIeekrKDVN
LAS,p8LLyhYdl1H,p30I0Ydl1Q,80.0259,38.0923,iWEOTH7TOKvl
LAS,nSY3YqAxI,UZHSGtQWpx,-164.5601,36.7481,UZHSGZlrK
LAS,4yrUwIQnHge,UQir49ayF,-174.0961,47.5892,ueroEot8TO
LAS,HsCl1vUFj9B,Wd7Cwehr7Gj,-98.5625,-78.0618,v6beGF11lQn
LAS,bLwRe521,ZkaqCCMlG,136.2287,-56.6021,7EP8dQhvl
LAX,Jf8TLcxOQ,hDI6WPChTh,24.7366,-61.7029,OSCE8TOl7hvl
LAX,GKiP600pSNn,Np600pSNn,-76.6362,68.6005,2JaqTBNGhq
LAS,ZaeKZaeKXVGuze,TaIEgjGjP,-137.9483,-35.1349,be4JaqTBNGhvl
LAS,YAIyro8Ba5,ZQZHSGtB5t,-173.0953,-24.5273,CM5fZhd5f
LAS,n6euQP6eu,qCYuxWWEoCO,-61.7252,-45.1598,be4F2JJQwr
LAX,Cnka8ojGNo,TrHkps5HHp,-18.2507,74.6943,iW5pWE7tVq
LAS,ZUgMWLQFqr,jgMWLqPj,-31.9253,-56.8079,sZlvWvjP7dPj
LAX,VH06M9oFrtk,y0iOExIfkl,-56.7132,-38.0615,5EP8BTbr
LAX,2wDkenYPFez,YrMZkaqrN,121.1605,82.2607,d8ecympdaq
LAX,p8R9dHys1,WDvFppwVUpL,89.1482,-45.2023,9nPecyjOA1
LAX,3Mz7vGtBR7,6le4AArnIZqj,-134.2128,7.4215,d7cAwzGQh
LAS,y5TT6ge8J,zQZwoZcqCCM,128.0953,-18.5384,Qt5AXJpLR8WD
LAX,VyrobbSQoB,-161.6372,-56.4598,D1QZYZWoLQs
LAX,ucxwfMOPN,saLrFmehS,24.3995,-24.3995,rC4ghqRF
LAS,UfxGlw4R95K,T6le8oSEyyz,-16.5121,-17.6306,t6ueroEot8U
LAX,p9QXpJeWOPm,7bGjeKI,-110.1335,68.7388,gKTo9u8wPQ
LAX,s6Epklqkqr,ZsAyH6tZvp,-157.2911,-70.907,iWEOTH7tW9k
LAX,XtTGex9bYsN,P2RqPjOJ,112.2287,-47.1878,vWBTGudzjU
LAX,ljhsN2JuYk,8LLYdl1UMB,50.8653,-18.7106,3fV2WQ6gQk
LAX,2pIW6tK9qmE,KtuWljOAte,-31.004,-62.8907,Fter9dWn
LAS,b6hnSQKc2ww,-149.2707,-19.0794,cT1tvUCU
LAS,ZaeKXVGuze,W9lTb13lJ,82.5052,-81.7085,F5HHhvlQi
LAS,UfxGlw4sVF,yLDYzShvd6s,-174.004,-4.033,FYGZlrKV
LAX,hZsCl1Zvp,ZtXpIptLvL,174.4654,67.3825,9x3rMVttRF
LAX,qDkenYPFez,kps5RuzIb,121.2637,21.1211,vWqnRWU4x8P
LAS,XVY0zkMQV,xbt2QX0mI,102.2551,-17.8304,Q0YaSh6tIx5nq
LAX,ljhsN2JuYk,8bDijsduH,-130.0563,-45.1605,oopIDvajpX
LAX,vm2LCLDshd,c7jnuXrC,70.9663,-20.5273,QaYnDuZ
LAX,VJyrobbSya,lkMmS5Epklq,140.1705,62.7106,ljmQ6noR
LAX,4HjpCnRtXM,ZYn8X3id1,102.1705,74.6984,F2JJQ5QQkkN
LAS,TvyrUwIQnH,6le4pc36Rm5,161.5852,-75.3288,hIQf4ghqjPoz
LAS,4TJwffPP7s,PdixFf9QPT,-175.0486,-45.866,Dp1EP8Vr
LAX,2rz7f9gRH,jmZYHzEf9V,-31.4366,-28.0799,hFgCpCx6sAvgep
LAS,cqFpuXxwV,kIOi5GxjH7,24.7132,-86.3825,znpwc6uOYr
LAS,qvxXYgARk3,8U0U0x5Bi5,-38.0297,U0x67Gudz3dQ
LAX,qT6aweoFdEN,0uS38iOfaBlm,-161.9642,83.7029,qMUwBTGQk1p
LAX,GKClOThX5D,6uKNJFddkyN,82.1852,62.6988,stSLMrNHw5Z97K
LAS,4Yrx2j0VSln,JIBXWGTjf,-56.8651,-5.4217,RXYgxsGTzK
LAX,5hS38VJyrobb,gcmM5fKJ5A,-19.4287,6.3849,iWEOTH7tJPz7
LAS,Xm1TDQZY,zH6pCYj2Wi,-159.2705,83.3844,YeTCxuzDQ
LAX,xO9w7bWjGj,J6BJyrobb,-17.6252,39.9909,qoiFQoiF8J6Sb
LAX,9Qy7BwHjmFdE,d8kaph8RtLO,161.2147,e2ZYTM5FOyoCO
LAS,MHNEaHm2aOm,no3ISrrM5qB,114.0561,38.0799,ztmZaQkDheq
LAS,Np8HOgtCb,w6g1RYrCbp,-128.1598,22.5649,qgfV06M0k
LAS,qoiQVNmu8Z,mu8TqCbLO,156.3115,62.4106,2QoiQoiAaOEXCEl
LAX,ucpCLV3R3D,ucpCLV4r3dy,9.4654,-4.1605,gbe4CiHHpCO
LAX,sgTPHLpv6J,lDdInn7hXE,146.4971,23.5868,wcb5aweYYo
LAX,9G9tTNF7J2,yGBVNLZlfq,111.8963,-45.1218,fnywcTNF7gqr
LAS,UfxGlw3pv6,gTRahYpjmF,-175.0461,64.8521,EGcU4sYfQ
LAS,0QZsLvhnS,FaESj84ZMKd,101.1238,25.4858,fZrCQwr
LAX,Z9wv8TNFB,y1uNbgWB,-176.9483,-6.6985,rN1uPwxWS
LAX,simn4r3id3Hk,GjoikrzDvB,110.3902,-70.9367,rMZhuqvDB7
LAS,3uNbgWBwA3D,u8VCWmYCA4,-130.8659,-77.8229,6gbeGF5vcW
LAX,O2n7PwFmF3,D2QY1TDcl,-161.2937,-48.6782,p30IA91xbt3r
LAS,Lgv6HHhFRUb,jJJ76ArnfZ,-16.5649,-72.5319,6phRDPjeljs
LAX,VyrobbSya8,lkLi8mSbNo,153.1852,-5.051,kLi8evRrnR
LAX,sT9p0iUElZ,hZiuiVRYb,-102.8971,-72.4289,GF11q6tXss
LAX,simnARqcqe3ip,simnARqCbp,-16.7366,-60.1593,PbSxtFuOA
LAX,XtOkLPUmRfi,Wd1illP0Spyi,-61.4564,-68.9407,f2Q5IptLvL
LAX,OJWRwM9tT15,7.3862,24.4327,7VJXWBTGQk1
LAX,O9w7f2rK4g,ZQMUB9oC,-32.6715,68.0603,q6jbJyGBTU8k
LAX,ljhsN2JuYk,5lDVP36hv,174.0126,36.5689,fV6gFYGz9q1
LAX,xW9P8hSFUp,k8bBNhFRUb,-41.9367,-80.1353,JAvEwHBm8p
LAX,7QM2M1dHys,6IwPuRSDuZ,-56.3242,-45.2944,Fter9EB1tvUCU
LAS,0xfNvgXEfY,u8S38txrCb,166.8541,-18.8302,iWEOTH7tW9R
LAX,wGKVwHilpwt,N4eg5AOm,-132.2061,-18.6995,rCYnVA5hWn
LAS,ZYvXY0eyP,LAs1DaXVil,129.9663,13.2755,QzT2oXskotb
LAS,CNDSFD5e911cl,TWAZxl0m50,51.5625,33.3733,9CQaIdL2VN
LAS,0zUgMWa2CA,zQZUgMWa2LoK,-149.9891,-78.0297,be4ZYnVA5t
LAX,0ihtz7VJ3,0aHLPjQB,-179.0158,-19.7309,qoiFnX20bsP
LAX,ls1h1YZszKQ,nGBVNLZlfq,114.2911,44.866,vlMUB5owVH
LAS,eCNDSFD5Y,GtqFppwR2Y,55.8663,-38.0113,RzTl0YHz
