6cfFRdGGus,1
pWqMDUbnhU,1
uSRFwBTwFA,0
1EdACIzZtu,3
1U6ghSa7Rt,3
Fkxa2BPoK1,1
IjEEtn7KnG,2
6oeuwFLoa1,0
WFMHsV61tv,1
JE6bhxiqPC,1
bxlZZol7kR,0
Y6sm6Ux096,2
bEsFVPgEos,2
GipQ3l2fY6,3
WLBwR9rF1j,1
uSRFwBTwFA,0
7LrDrm1Qie,0
WLBwR9rF1j,1
uSRFwBTwFA,0
IuJJ6jjGlC,0
VnzDtX1iGW,1
rHbs6ZcAMP,0
SDrvKbsavC,2
eRybuzU19h,2
x62oM9bkSu,3
YXMh5InZZC,3
n48fn0SADG,2
IuJJ6jjGlC,0
RZ01QIgrn2,2
YzVpJgFjt,2
HnDwDacfIX,2
sjRIMYNwyQ,0
XFKZzlVSKE,3
vwRGJGJWm,1
szYTF0Tk5b,0
u4mDEmCZN5,0
gIwPa6B0jw,1
9jWrG23vGc,2
pJx12d4e8g,0
RqHWnoxU9y,0
WFMHsV61tv,1
Egb8ktkjhq,3
vwRGJWmJGg,2
tXlTc4Ifmx,3
LRYJGHuOAK,1
SVn86ka9S7,2
0bM9f3ex2u,2
9YE5dQ2TKd,2
sjRIMYNwyQ,3
9jWrG23vGc,3
LAM2RaVD6r,0
XFKZzlVSKE,3
1T0mu7xB7w,2
WczYWvo2pO,1
sZP1I9LBCw,0
q8Hvwooc6t,0
mf7CZVrU8C,1
9iT4ctBEaW,2
9jWrG23vGc,2
y4mDEmCZN5,1
QSglB4f6j,0
LNqeNrGqnb,1
LwLDfvllVi,2
7Sv9D88JqS,2
VwuzCszKTu,2
W3seIMIikW,1
Egb8ktkjhq,3
b9U6YBmh8S,1
9jWrG23vGc,2
pJiF49Tcqp,1
1T0mu7xB7w,2
1EdACIzZtu,2
YXMh5InZZC,2
ReseRFhsBb,2
WjolL2nmxy,1
GipQ3l2fY6,3
VnzDtX1iGW,3
YwcYktVENw,2
ZhotPm2HWS,2
eotHZGDniX,2
mwD2PcFDZ,1
tBd4G1m13v,1
3fLn3fFZgs,1
Tc4Ifmx2J,2
cZ31vGgQvn,1
gX5fTnSKZe,0
WqcchlsLld0,3
Lhgvil71eN,0
cTS7YGIq9E,2
iH5roqUbcq,1
v8rIZXTwgV,0
Egb8ktkjhq,3
0bM9f3ex2u,1
eotHZGDniX,3
nf2M0zSUrn,1
szYTF0Tk5b,0
Y2VpPjgFjt,2
KwenlSt1l2,2
YwcYktVENw,2
KwenlSt1l2,3
yVz2cJCgjE,3
rWLDfvllVi,0
gIwPa6B0jw,1
uPebjDAjfn,3
W4rLDfvllVi,0
LNqeNrGqnb,2
VmW2UcwZDp,1
vwRGJWmJGg,2
FV7ikxA1pY,2
YwcYktVENw,2
